{
  "project_info": {
    "project_number": "317399871087",
    "project_id": "opsc7311-poe-database-g8",
    "storage_bucket": "opsc7311-poe-database-g8.appspot.com"
  },
  "client": [
    {
      "client_info": {
        "mobilesdk_app_id": "1:317399871087:android:b0ddc59da8eb9a467f279a",
        "android_client_info": {
          "package_name": "com.example.opscpoepart3"
        }
      },
      "oauth_client": [
        {
          "client_id": "317399871087-oe1gi575esu21kfct8ciqm0vtl27gsdt.apps.googleusercontent.com",
          "client_type": 3
        }
      ],
      "api_key": [
        {
          "current_key": "AIzaSyAjcWl1RASCdE8boA9u_KxOUYrTclo9APM"
        }
      ],
      "services": {
        "appinvite_service": {
          "other_platform_oauth_client": [
            {
              "client_id": "317399871087-oe1gi575esu21kfct8ciqm0vtl27gsdt.apps.googleusercontent.com",
              "client_type": 3
            }
          ]
        }
      }
    },
    {
      "client_info": {
        "mobilesdk_app_id": "1:317399871087:android:47aedf80cb957b5e7f279a",
        "android_client_info": {
          "package_name": "com.example.opscwork"
        }
      },
      "oauth_client": [
        {
          "client_id": "317399871087-oe1gi575esu21kfct8ciqm0vtl27gsdt.apps.googleusercontent.com",
          "client_type": 3
        }
      ],
      "api_key": [
        {
          "current_key": "AIzaSyAjcWl1RASCdE8boA9u_KxOUYrTclo9APM"
        }
      ],
      "services": {
        "appinvite_service": {
          "other_platform_oauth_client": [
            {
              "client_id": "317399871087-oe1gi575esu21kfct8ciqm0vtl27gsdt.apps.googleusercontent.com",
              "client_type": 3
            }
          ]
        }
      }
    }
  ],
  "configuration_version": "1"
}